title,company,location,link
Python Fullstack Developer,KPMG India,"Bengaluru, Karnataka, India",https://in.linkedin.com/jobs/view/python-fullstack-developer-at-kpmg-india-4381470630?position=1&pageNum=0&refId=USgIbZRaxYXiROvzJsB%2B3w%3D%3D&trackingId=Ya6ADjSSbY%2BJaZF258JKlg%3D%3D
"Software Engineer, AI Agentic Search, Early Career",Notion,"Hyderabad, Telangana, India",https://in.linkedin.com/jobs/view/software-engineer-ai-agentic-search-early-career-at-notion-4364091985?position=2&pageNum=0&refId=USgIbZRaxYXiROvzJsB%2B3w%3D%3D&trackingId=cwzDjpRhG3Jp2hYUmn32rA%3D%3D
Python Fullstack,Infosys,"Bengaluru, Karnataka, India",https://in.linkedin.com/jobs/view/python-fullstack-at-infosys-4369341102?position=3&pageNum=0&refId=USgIbZRaxYXiROvzJsB%2B3w%3D%3D&trackingId=qMUgW8n7Fr%2FQpdmryMM30g%3D%3D
Python FullStack Developer || Robotics || Bangalore,KSA INC,"Bengaluru, Karnataka, India",https://in.linkedin.com/jobs/view/python-fullstack-developer-robotics-bangalore-at-ksa-inc-4382281719?position=4&pageNum=0&refId=USgIbZRaxYXiROvzJsB%2B3w%3D%3D&trackingId=A4Cl0V%2BlDs8AvCHakRIOrA%3D%3D
SDE-1 (Full Stack),NxtWave,"Hyderabad, Telangana, India",https://in.linkedin.com/jobs/view/sde-1-full-stack-at-nxtwave-4253227802?position=5&pageNum=0&refId=USgIbZRaxYXiROvzJsB%2B3w%3D%3D&trackingId=VXKGGJPBTPXLoL4i9qWsbg%3D%3D
Python Fullstack Engineer,Persistent Systems,"Bengaluru, Karnataka, India",https://in.linkedin.com/jobs/view/python-fullstack-engineer-at-persistent-systems-4375292490?position=6&pageNum=0&refId=USgIbZRaxYXiROvzJsB%2B3w%3D%3D&trackingId=oeVUQF2MiiRhjL%2BFacudKA%3D%3D
Python Fullstack Developer,Infosys,"Bengaluru East, Karnataka, India",https://in.linkedin.com/jobs/view/python-fullstack-developer-at-infosys-4359073095?position=7&pageNum=0&refId=USgIbZRaxYXiROvzJsB%2B3w%3D%3D&trackingId=0tZzANQNPpyS2KslcqJ60Q%3D%3D
Python Fullstack Developer -Hyderabad/Bengaluru,Deloitte,"Bengaluru, Karnataka, India",https://in.linkedin.com/jobs/view/python-fullstack-developer-hyderabad-bengaluru-at-deloitte-4367246306?position=8&pageNum=0&refId=USgIbZRaxYXiROvzJsB%2B3w%3D%3D&trackingId=pSlbDk4UHl9GKfEwKBc%2F6Q%3D%3D
SDE-1 Full Stack Developer,NxtWave,"Hyderabad, Telangana, India",https://in.linkedin.com/jobs/view/sde-1-full-stack-developer-at-nxtwave-4254194541?position=9&pageNum=0&refId=USgIbZRaxYXiROvzJsB%2B3w%3D%3D&trackingId=syav2j%2B%2By3hrGL0fohGnLA%3D%3D
Python Fullstack Developer -Hyderabad/Bengaluru,Deloitte,"Hyderabad, Telangana, India",https://in.linkedin.com/jobs/view/python-fullstack-developer-hyderabad-bengaluru-at-deloitte-4367237699?position=10&pageNum=0&refId=USgIbZRaxYXiROvzJsB%2B3w%3D%3D&trackingId=TnCX4%2Bf%2B32n9fTJigFKsCw%3D%3D
Full Stack Developer (Java),NxtWave,"Hyderabad, Telangana, India",https://in.linkedin.com/jobs/view/full-stack-developer-java-at-nxtwave-4253480669?position=1&pageNum=2&refId=OObSrqpGSbKb6vbAUQFBmQ%3D%3D&trackingId=L1AgQW9JvHtNErH2r6zaZw%3D%3D
"Fullstack Developer (Python, ReactJS)",JAGGAER,Greater Hyderabad Area,https://in.linkedin.com/jobs/view/fullstack-developer-python-reactjs-at-jaggaer-4365070935?position=2&pageNum=2&refId=OObSrqpGSbKb6vbAUQFBmQ%3D%3D&trackingId=u28x7K3Y7rBAcoXprHOlSw%3D%3D
Full Stack Developer,Insight Global,"Hyderabad, Telangana, India",https://in.linkedin.com/jobs/view/full-stack-developer-at-insight-global-4374714199?position=3&pageNum=2&refId=OObSrqpGSbKb6vbAUQFBmQ%3D%3D&trackingId=igcGJFdfiGzRmnilRF7f5w%3D%3D
Senior Fullstack Developer,ShyftLabs,"Hyderabad, Telangana, India",https://in.linkedin.com/jobs/view/senior-fullstack-developer-at-shyftlabs-4316580334?position=4&pageNum=2&refId=OObSrqpGSbKb6vbAUQFBmQ%3D%3D&trackingId=RYxEN9445JRQYkctdaJERA%3D%3D
SAP Fullstack Engineer,Apple,"Hyderabad, Telangana, India",https://in.linkedin.com/jobs/view/sap-fullstack-engineer-at-apple-4359196714?position=5&pageNum=2&refId=OObSrqpGSbKb6vbAUQFBmQ%3D%3D&trackingId=fllEa1KH0sKFUQGr1tYR1A%3D%3D
AIML Engineer\Senior-(Python+ReactJS),Tiger Analytics,"Hyderabad, Telangana, India",https://in.linkedin.com/jobs/view/aiml-engineer-senior-python%2Breactjs-at-tiger-analytics-4378174991?position=6&pageNum=2&refId=OObSrqpGSbKb6vbAUQFBmQ%3D%3D&trackingId=ifvqbMzygWL3xIuxU65jdw%3D%3D
Senior Fullstack Python Developer - Remote Work | REF#282816,BairesDev,"Hyderabad, Telangana, India",https://in.linkedin.com/jobs/view/senior-fullstack-python-developer-remote-work-ref%23282816-at-bairesdev-4258067050?position=7&pageNum=2&refId=OObSrqpGSbKb6vbAUQFBmQ%3D%3D&trackingId=GCqc5orOjc1VrlQnsr7R3Q%3D%3D
Senior System Engineer,Creditsafe Technology,"Hyderabad, Telangana, India",https://in.linkedin.com/jobs/view/senior-system-engineer-at-creditsafe-technology-4377724625?position=8&pageNum=2&refId=OObSrqpGSbKb6vbAUQFBmQ%3D%3D&trackingId=emxVowBlovCe8GaCe5yeWw%3D%3D
FullStack Developer,Awign,"Hyderabad, Telangana, India",https://in.linkedin.com/jobs/view/fullstack-developer-at-awign-4371721913?position=9&pageNum=2&refId=OObSrqpGSbKb6vbAUQFBmQ%3D%3D&trackingId=UE1PJVM%2B%2FNW1YOrEwnEGFQ%3D%3D
looking For Fullstack Developer for Hyderabad,RiskInsight Consulting Pvt Ltd.,"Hyderabad, Telangana, India",https://in.linkedin.com/jobs/view/looking-for-fullstack-developer-for-hyderabad-at-riskinsight-consulting-pvt-ltd-4361190247?position=10&pageNum=2&refId=OObSrqpGSbKb6vbAUQFBmQ%3D%3D&trackingId=i6dRbuQGogIeqD0G7CZ39A%3D%3D
Remote Fullstack Engineer,Turing,"Hyderabad, Telangana, India",https://in.linkedin.com/jobs/view/remote-fullstack-engineer-at-turing-4273384150?position=1&pageNum=5&refId=qZ02V654IygVrhENZfqEeQ%3D%3D&trackingId=F2CcSPlLPz2hd%2F1%2B%2B4husw%3D%3D
Remote Fullstack Engineer,Turing,"Hyderabad, Telangana, India",https://in.linkedin.com/jobs/view/remote-fullstack-engineer-at-turing-4273386055?position=2&pageNum=5&refId=qZ02V654IygVrhENZfqEeQ%3D%3D&trackingId=c84Joli%2FCyR3NTvkdTS7qg%3D%3D
Sr. Fullstack Developer,LSPedia,"Hyderabad, Telangana, India",https://in.linkedin.com/jobs/view/sr-fullstack-developer-at-lspedia-4365971245?position=3&pageNum=5&refId=qZ02V654IygVrhENZfqEeQ%3D%3D&trackingId=w%2B67jgfEK72KnBjRXfZ%2F8g%3D%3D
Remote Fullstack Engineer,Turing,"Hyderabad, Telangana, India",https://in.linkedin.com/jobs/view/remote-fullstack-engineer-at-turing-4273384147?position=4&pageNum=5&refId=qZ02V654IygVrhENZfqEeQ%3D%3D&trackingId=jsXSS7Bj9qucONaa2VMVcA%3D%3D
Remote Fullstack Engineer,Turing,"Hyderabad, Telangana, India",https://in.linkedin.com/jobs/view/remote-fullstack-engineer-at-turing-4273378988?position=5&pageNum=5&refId=qZ02V654IygVrhENZfqEeQ%3D%3D&trackingId=v%2Bjjqj9x4JztzkoMQL3iiw%3D%3D
Senior Python/React Fullstack Developer - Remote Work | REF#282799,BairesDev,"Hyderabad, Telangana, India",https://in.linkedin.com/jobs/view/senior-python-react-fullstack-developer-remote-work-ref%23282799-at-bairesdev-4185014711?position=6&pageNum=5&refId=qZ02V654IygVrhENZfqEeQ%3D%3D&trackingId=sjKx0s57LJvHBUm15tBKRw%3D%3D
Fullstack Developer (React/Java),Insight Global,"Hyderabad, Telangana, India",https://in.linkedin.com/jobs/view/fullstack-developer-react-java-at-insight-global-4379691090?position=7&pageNum=5&refId=qZ02V654IygVrhENZfqEeQ%3D%3D&trackingId=8mLl%2BthEbd6FxckJLzYijA%3D%3D
Senior Software Engieer FullStack,Liminal Custody,"Hyderabad, Telangana, India",https://in.linkedin.com/jobs/view/senior-software-engieer-fullstack-at-liminal-custody-4262330708?position=8&pageNum=5&refId=qZ02V654IygVrhENZfqEeQ%3D%3D&trackingId=hbonpgvXJMKand4TUPkOxA%3D%3D
Remote Fullstack Engineer,Turing,"Hyderabad, Telangana, India",https://in.linkedin.com/jobs/view/remote-fullstack-engineer-at-turing-4273378984?position=9&pageNum=5&refId=qZ02V654IygVrhENZfqEeQ%3D%3D&trackingId=1r%2FLMSYmypv16G4WSrtbDQ%3D%3D
FullStack Senior Software Engineer,Procter & Gamble,"Hyderabad, Telangana, India",https://in.linkedin.com/jobs/view/fullstack-senior-software-engineer-at-procter-gamble-4378184409?position=10&pageNum=5&refId=qZ02V654IygVrhENZfqEeQ%3D%3D&trackingId=VjI6X2y7LNEeSmiUe4wCGw%3D%3D
